{
    "__comment": "Modifications by Quazi",
    "ambientocclusion": false,
    "textures": {
        "particle": "blocks/cauldron_side",
        "top": "blocks/cauldron_top",
        "bottom": "blocks/cauldron_bottom",
        "side": "blocks/cauldron_side",
        "inside": "blocks/cauldron_inner",
        "wall": "blocks/cauldron_inner_side"

    },
    "elements": [
        {   "from": [ 2, 3, 2 ],
            "to": [ 14, 4, 14 ],
            "faces": {
                "down":  { "texture": "#inside" },
                "up":    { "texture": "#inside", "cullface": "up" },
                "north": { "texture": "#side", "cullface": "north" },
                "south": { "texture": "#side", "cullface": "south" },
                "west":  { "texture": "#side", "cullface": "west" },
                "east":  { "texture": "#side", "cullface": "east" }
            }
        },
        {   "from": [ 0, 3, 0 ],
            "to": [ 2, 16, 16 ],
            "faces": {
                "down":  { "texture": "#inside" },
                "up":    { "texture": "#top", "cullface": "up" },
                "north": { "texture": "#side", "cullface": "north" },
                "south": { "texture": "#side", "cullface": "south" },
                "west":  { "texture": "#side", "cullface": "west" },
                "east":  { "texture": "#wall" }
            }
        },
        {   "from": [ 14, 3, 0 ],
            "to": [ 16, 16, 16 ],
            "faces": {
                "down":  { "texture": "#inside" },
                "up":    { "texture": "#top", "cullface": "up" },
                "north": { "texture": "#side", "cullface": "north" },
                "south": { "texture": "#side", "cullface": "south" },
                "west":  { "texture": "#wall" },
                "east":  { "texture": "#side", "cullface": "east" }
            }
        },
        {   "from": [ 2, 3, 0 ],
            "to": [ 14, 16, 2 ],
            "faces": {
                "down":  { "texture": "#inside" },
                "up":    { "texture": "#top", "cullface": "up" },
                "north": { "texture": "#side", "cullface": "north" },
                "south": { "texture": "#wall" },
                "west":  { "texture": "#side", "cullface": "west" },
                "east":  { "texture": "#side", "cullface": "east" }
            }
        },
        {   "from": [ 2, 3, 14 ],
            "to": [ 14, 16, 16 ],
            "faces": {
                "down":  { "texture": "#inside" },
                "up":    { "texture": "#top", "cullface": "up" },
                "north": { "texture": "#wall" },
                "south": { "texture": "#side", "cullface": "south" },
                "west":  { "texture": "#side", "cullface": "west" },
                "east":  { "texture": "#side", "cullface": "east" }
            }
        },
        {   "from": [ 0, 0, 0 ],
            "to": [ 4, 3, 2 ],
            "faces": {
                "down":  { "texture": "#bottom" },
                "up":    { "texture": "#top" },
                "north": { "texture": "#side" },
                "south": { "texture": "#side" },
                "west":  { "texture": "#side" },
                "east":  { "texture": "#side" }
            }
        },
        {   "from": [ 0, 0, 2 ],
            "to": [ 2, 3, 4 ],
            "faces": {
                "down":  { "texture": "#bottom" },
                "up":    { "texture": "#top" },
                "north": { "texture": "#side" },
                "south": { "texture": "#side" },
                "west":  { "texture": "#side" },
                "east":  { "texture": "#side" }
            }
        },
        {   "from": [ 12, 0, 0 ],
            "to": [ 16, 3, 2 ],
            "faces": {
                "down":  { "texture": "#bottom" },
                "up":    { "texture": "#top" },
                "north": { "texture": "#side" },
                "south": { "texture": "#side" },
                "west":  { "texture": "#side" },
                "east":  { "texture": "#side" }
            }
        },
        {   "from": [ 14, 0, 2 ],
            "to": [ 16, 3, 4 ],
            "faces": {
                "down":  { "texture": "#bottom" },
                "up":    { "texture": "#top" },
                "north": { "texture": "#side" },
                "south": { "texture": "#side" },
                "west":  { "texture": "#side" },
                "east":  { "texture": "#side" }
            }
        },
        {   "from": [ 0, 0, 14 ],
            "to": [ 4, 3, 16 ],
            "faces": {
                "down":  { "texture": "#bottom" },
                "up":    { "texture": "#top" },
                "north": { "texture": "#side" },
                "south": { "texture": "#side" },
                "west":  { "texture": "#side" },
                "east":  { "texture": "#side" }
            }
        },
        {   "from": [ 0, 0, 12 ],
            "to": [ 2, 3, 14 ],
            "faces": {
                "down":  { "texture": "#bottom" },
                "up":    { "texture": "#top" },
                "north": { "texture": "#side" },
                "south": { "texture": "#side" },
                "west":  { "texture": "#side" },
                "east":  { "texture": "#side" }
            }
        },
        {   "from": [ 12, 0, 14 ],
            "to": [ 16, 3, 16 ],
            "faces": {
                "down":  { "texture": "#bottom" },
                "up":    { "texture": "#top" },
                "north": { "texture": "#side" },
                "south": { "texture": "#side" },
                "west":  { "texture": "#side" },
                "east":  { "texture": "#side" }
            }
        },
        {   "from": [ 14, 0, 12 ],
            "to": [ 16, 3, 14 ],
            "faces": {
                "down":  { "texture": "#bottom" },
                "up":    { "texture": "#top" },
                "north": { "texture": "#side" },
                "south": { "texture": "#side" },
                "west":  { "texture": "#side" },
                "east":  { "texture": "#side" }
            }
        }
    ]
}
