{
    "__comment": "Modifications by Quazi",
    "parent": "block/block",
    "textures": {
        "particle": "blocks/dispenser_front_vertical",
        "front": "blocks/dispenser_front_vertical",
        "back": "blocks/dispenser_back",
        "side": "blocks/dispenser_side"
    },
    "elements": [
        {
            "from": [0.0, 0.0, 0.0],
            "to": [16.0, 16.0, 16.0],
            "faces": {
                "north": {"texture": "#side", "uv": [0.0, 0.0, 16.0, 16.0]},
                "east": {"texture": "#side", "uv": [0.0, 0.0, 16.0, 16.0]},
                "south": {"texture": "#side", "uv": [0.0, 0.0, 16.0, 16.0]},
                "west": {"texture": "#side", "uv": [0.0, 0.0, 16.0, 16.0]},
                "up": {"texture": "#front", "uv": [0.0, 0.0, 16.0, 16.0], "rotation": 180},
                "down": {"texture": "#back", "uv": [0.0, 0.0, 16.0, 16.0]}
            }
        }
    ]
}